"filename", "language", "JavaScript", "MS SQL", "JSON", "HTML", "comment", "blank", "total"
"c:\Users\surya\OneDrive\Desktop\ClassMonitor\backend\.clinic\22220.clinic-doctor.html", "HTML", 0, 0, 0, 21730, 1, 236, 21967
"c:\Users\surya\OneDrive\Desktop\ClassMonitor\backend\admin-load-test.js", "JavaScript", 248, 0, 0, 0, 47, 50, 345
"c:\Users\surya\OneDrive\Desktop\ClassMonitor\backend\baseline.json", "JSON", 0, 0, 170209, 0, 0, 1, 170210
"c:\Users\surya\OneDrive\Desktop\ClassMonitor\backend\cache-test.js", "JavaScript", 217, 0, 0, 0, 38, 59, 314
"c:\Users\surya\OneDrive\Desktop\ClassMonitor\backend\config\emailTemplates.js", "JavaScript", 200, 0, 0, 0, 0, 19, 219
"c:\Users\surya\OneDrive\Desktop\ClassMonitor\backend\config\mongodb.js", "JavaScript", 18, 0, 0, 0, 0, 4, 22
"c:\Users\surya\OneDrive\Desktop\ClassMonitor\backend\config\mysql.js", "JavaScript", 11, 0, 0, 0, 0, 2, 13
"c:\Users\surya\OneDrive\Desktop\ClassMonitor\backend\config\nodemailer.js", "JavaScript", 9, 0, 0, 0, 0, 3, 12
"c:\Users\surya\OneDrive\Desktop\ClassMonitor\backend\config\redis.js", "JavaScript", 17, 0, 0, 0, 0, 4, 21
"c:\Users\surya\OneDrive\Desktop\ClassMonitor\backend\config\s3.js", "JavaScript", 9, 0, 0, 0, 0, 2, 11
"c:\Users\surya\OneDrive\Desktop\ClassMonitor\backend\controllers\adminController.js", "JavaScript", 160, 0, 0, 0, 56, 49, 265
"c:\Users\surya\OneDrive\Desktop\ClassMonitor\backend\controllers\adminDataController.js", "JavaScript", 13, 0, 0, 0, 0, 5, 18
"c:\Users\surya\OneDrive\Desktop\ClassMonitor\backend\controllers\attendance.controller.js", "JavaScript", 26, 0, 0, 0, 7, 8, 41
"c:\Users\surya\OneDrive\Desktop\ClassMonitor\backend\controllers\classController.js", "JavaScript", 61, 0, 0, 0, 5, 17, 83
"c:\Users\surya\OneDrive\Desktop\ClassMonitor\backend\controllers\subjectController.js", "JavaScript", 69, 0, 0, 0, 6, 17, 92
"c:\Users\surya\OneDrive\Desktop\ClassMonitor\backend\controllers\teacherDataController.js", "JavaScript", 13, 0, 0, 0, 0, 6, 19
"c:\Users\surya\OneDrive\Desktop\ClassMonitor\backend\controllers\teacher_controller.js", "JavaScript", 243, 0, 0, 0, 6, 54, 303
"c:\Users\surya\OneDrive\Desktop\ClassMonitor\backend\controllers\timetableController.js", "JavaScript", 266, 0, 0, 0, 16, 45, 327
"c:\Users\surya\OneDrive\Desktop\ClassMonitor\backend\controllers\userController.js", "JavaScript", 488, 0, 0, 0, 25, 124, 637
"c:\Users\surya\OneDrive\Desktop\ClassMonitor\backend\controllers\userDataController.js", "JavaScript", 13, 0, 0, 0, 0, 6, 19
"c:\Users\surya\OneDrive\Desktop\ClassMonitor\backend\generateKey.js", "JavaScript", 3, 0, 0, 0, 0, 1, 4
"c:\Users\surya\OneDrive\Desktop\ClassMonitor\backend\globals.js", "JavaScript", 9, 0, 0, 0, 0, 3, 12
"c:\Users\surya\OneDrive\Desktop\ClassMonitor\backend\load-test-wo-cache.js", "JavaScript", 338, 0, 0, 0, 112, 51, 501
"c:\Users\surya\OneDrive\Desktop\ClassMonitor\backend\load-test.js", "JavaScript", 418, 0, 0, 0, 133, 75, 626
"c:\Users\surya\OneDrive\Desktop\ClassMonitor\backend\middlewares\adminAuth.js", "JavaScript", 18, 0, 0, 0, 0, 7, 25
"c:\Users\surya\OneDrive\Desktop\ClassMonitor\backend\middlewares\redis_middleware.js", "JavaScript", 44, 0, 0, 0, 24, 14, 82
"c:\Users\surya\OneDrive\Desktop\ClassMonitor\backend\middlewares\teacherAuth.js", "JavaScript", 21, 0, 0, 0, 0, 8, 29
"c:\Users\surya\OneDrive\Desktop\ClassMonitor\backend\middlewares\userAuth.js", "JavaScript", 21, 0, 0, 0, 0, 8, 29
"c:\Users\surya\OneDrive\Desktop\ClassMonitor\backend\migrations\create_window_attendance_table.sql", "MS SQL", 0, 18, 0, 0, 3, 3, 24
"c:\Users\surya\OneDrive\Desktop\ClassMonitor\backend\models\adminModel.js", "JavaScript", 22, 0, 0, 0, 0, 6, 28
"c:\Users\surya\OneDrive\Desktop\ClassMonitor\backend\models\classModel.js", "JavaScript", 12, 0, 0, 0, 0, 4, 16
"c:\Users\surya\OneDrive\Desktop\ClassMonitor\backend\models\subjectModel.js", "JavaScript", 15, 0, 0, 0, 0, 4, 19
"c:\Users\surya\OneDrive\Desktop\ClassMonitor\backend\models\teacher_model.js", "JavaScript", 28, 0, 0, 0, 0, 4, 32
"c:\Users\surya\OneDrive\Desktop\ClassMonitor\backend\models\timetableModel.js", "JavaScript", 47, 0, 0, 0, 0, 4, 51
"c:\Users\surya\OneDrive\Desktop\ClassMonitor\backend\models\userModel.js", "JavaScript", 80, 0, 0, 0, 0, 4, 84
"c:\Users\surya\OneDrive\Desktop\ClassMonitor\backend\package-lock.json", "JSON", 0, 0, 3543, 0, 0, 1, 3544
"c:\Users\surya\OneDrive\Desktop\ClassMonitor\backend\package.json", "JSON", 0, 0, 33, 0, 0, 1, 34
"c:\Users\surya\OneDrive\Desktop\ClassMonitor\backend\routes\adminDataRoutes.js", "JavaScript", 6, 0, 0, 0, 0, 3, 9
"c:\Users\surya\OneDrive\Desktop\ClassMonitor\backend\routes\adminRoutes.js", "JavaScript", 10, 0, 0, 0, 0, 7, 17
"c:\Users\surya\OneDrive\Desktop\ClassMonitor\backend\routes\attendance.routes.js", "JavaScript", 5, 0, 0, 0, 1, 3, 9
"c:\Users\surya\OneDrive\Desktop\ClassMonitor\backend\routes\classRoutes.js", "JavaScript", 8, 0, 0, 0, 0, 5, 13
"c:\Users\surya\OneDrive\Desktop\ClassMonitor\backend\routes\subjectRoutes.js", "JavaScript", 8, 0, 0, 0, 0, 4, 12
"c:\Users\surya\OneDrive\Desktop\ClassMonitor\backend\routes\teacherDataRoutes.js", "JavaScript", 6, 0, 0, 0, 0, 3, 9
"c:\Users\surya\OneDrive\Desktop\ClassMonitor\backend\routes\teacher_routes.js", "JavaScript", 14, 0, 0, 0, 0, 9, 23
"c:\Users\surya\OneDrive\Desktop\ClassMonitor\backend\routes\timetableRoutes.js", "JavaScript", 9, 0, 0, 0, 0, 7, 16
"c:\Users\surya\OneDrive\Desktop\ClassMonitor\backend\routes\userDataRoutes.js", "JavaScript", 6, 0, 0, 0, 0, 3, 9
"c:\Users\surya\OneDrive\Desktop\ClassMonitor\backend\routes\userRoutes.js", "JavaScript", 19, 0, 0, 0, 0, 18, 37
"c:\Users\surya\OneDrive\Desktop\ClassMonitor\backend\scheduler\finalize.scheduler.js", "JavaScript", 71, 0, 0, 0, 14, 20, 105
"c:\Users\surya\OneDrive\Desktop\ClassMonitor\backend\scheduler\lecture.scheduler.js", "JavaScript", 30, 0, 0, 0, 3, 6, 39
"c:\Users\surya\OneDrive\Desktop\ClassMonitor\backend\scripts\import-check.js", "JavaScript", 9, 0, 0, 0, 1, 1, 11
"c:\Users\surya\OneDrive\Desktop\ClassMonitor\backend\server.js", "JavaScript", 41, 0, 0, 0, 3, 21, 65
"c:\Users\surya\OneDrive\Desktop\ClassMonitor\backend\services\attendance.service.js", "JavaScript", 142, 0, 0, 0, 17, 38, 197
"c:\Users\surya\OneDrive\Desktop\ClassMonitor\backend\teacher-load-test.js", "JavaScript", 222, 0, 0, 0, 45, 48, 315
"c:\Users\surya\OneDrive\Desktop\ClassMonitor\backend\user-load-test.js", "JavaScript", 244, 0, 0, 0, 50, 52, 346
"Total", "-", 4007, 18, 173785, 21730, 613, 1157, 201310